url,label,date,ticker
https://www.sec.gov/Archives/edgar/data/1430306/000199937126006640/tnxp-pre14a_032026.htm,0,,** TNXP
https://www.globenewswire.com/news-release/2026/03/18/3258604/0/en/Autozi-Internet-Technology-Global-Ltd-Announces-10-for-1-Share-Consolidation.html,1,March 23, 2026,AZI
https://www.globenewswire.com/news-release/2026/03/13/3255364/0/en/XORTX-Reports-that-Independent-Proxy-Advisory-Firms-Recommend-XORTX-Shareholders-Vote-For-the-Share-Consolidation.html,1,March 24, 2026,XRTX
https://www.globenewswire.com/news-release/2026/03/11/3253652/0/en/Kaixin-Holdings-Announces-Share-Consolidation.html,1,March 13, 2026,KXIN
https://finance.yahoo.com/news/urban-one-inc-announces-reverse-133000815.html,1,January 22, 2026,UONE
https://www.sec.gov/Archives/edgar/data/1805521/000121390026032437/ea0282876-8k_faraday.htm,0,,FFAI
https://www.globenewswire.com/news-release/2026/03/19/3259474/0/en/Canada-Carbon-Announces-Resumption-of-Trading-on-TSX-Venture-Exchange-Share-Consolidation-Adoption-of-Omnibus-Equity-Incentive-Plan-and-Change-of-Officers.html,0,,CCB
https://www.globenewswire.com/news-release/2026/03/19/3259173/0/en/All-Resolutions-Passed-at-Ping-An-Biomedical-AGM-Clearing-Path-for-Restructured-Share-Capital.html,0,,PASW
https://www.sec.gov/Archives/edgar/data/1554818/000168316826002061/auddia_pre14a.htm,0,,AUDD
https://www.sec.gov/Archives/edgar/data/1662774/000119312526117794/d122428d8k.htm,0,,QNCX
https://www.quiverquant.com/news/American+Rebel+Holdings%2C+Inc.+Announces+1-for-100+Reverse+Stock+Split+Effective+March+23%2C+2026,1,March 23, 2026,AREB
https://www.prnewswire.com/news-releases/yy-group-announces-effective-date-of-reverse-stock-split-302718617.html,1,March 23, 2026,YYGH
https://www.actusnews.com/en/atari/pr/2026/03/16/atari-launches-a-reverse-stock-split,1,May 5, 2026,ALATA
https://www.stocktitan.net/sec-filings/TNXP/pre-14a-tonix-pharmaceuticals-holding-corp-preliminary-proxy-statemen-edb4ea0569d9.html,0,,TNXP
https://www.capricornenergy.com/news/further-info-re-return-of-cash-and-share-consolidation/,1,24 May 2024,CNE
https://www.prnewswire.com/news-releases/co-diagnostics-announces-reverse-stock-split-302650274.html,1,January 2, 2026,CODX
https://finance.yahoo.com/news/sua-holdings-announces-share-consolidation-140000386.html,0,,NONE
https://www.prnewswire.com/news-releases/metavia-inc-announces-1-for-11-reverse-stock-split-302630216.html,1,December 4, 2025,MTVA
https://www.prnewswire.com/news-releases/pavmed-announces-reverse-stock-split-302650410.html,1,January 2, 2026,PAVM
https://www.prnewswire.com/news-releases/nauticus-robotics-announces-1-for-9-reverse-stock-split-302543762.html,0,,KITT
https://www.stocktitan.net/sec-filings/CLIR/8-k-clear-sign-technologies-corp-reports-material-event-bd65b018e6da.html,1,2026-03-16,CLIR
https://www.biospace.com/press-releases/envveno-medical-announces-reverse-stock-split,1,January 20, 2026,NVNO
https://finance.yahoo.com/news/treasure-global-announces-1-20-165000100.html,0,,TGLO
https://www.prnewswire.com/news-releases/gogoro-announces-1-for-20-share-consolidation-302557456.html,1,October 6, 2025,GGR
https://finance.yahoo.com/news/super-league-announces-1-12-130000460.html,0,,NONE
https://www.nrn.com/fast-casual/noodles-company-approves-1-for-8-reverse-stock-split,1,Feb. 18, 2026,Noodles & Company
https://finance.yahoo.com/news/actelis-networks-announces-reverse-stock-140000808.html,0,,NONE
https://finance.yahoo.com/news/american-rebel-announces-1-20-133000020.html,1,2025-10-03,AREB
https://finance.yahoo.com/news/intelligent-living-application-group-inc-163000213.html,0,,ILAG
https://www.insideradio.com/free/urban-one-approves-reverse-stock-split-to-meet-nasdaq-listing-rules/article_84490f31-e334-4dc5-a7e3-59875031f9e4.html,1,Jan. 22, 2026,UONE
https://finance.yahoo.com/news/60-degrees-pharmaceuticals-inc-announces-130100520.html,0,,NONE
https://www.prnewswire.com/news-releases/lazydays-announces-1-for-30-reverse-stock-split-302501695.html,1,July 11, 2025,GORV
https://finance.yahoo.com/news/medical-technology-group-ltd-announces-163000854.html,1,December 29, 2025,WMDG
https://finance.yahoo.com/news/ascot-announces-share-consolidation-effective-044400246.html,0,,NONE
https://finance.yahoo.com/news/else-nutrition-announces-share-consolidation-213700886.html,0,,NONE
https://finance.yahoo.com/news/noodles-company-announces-plans-1-213000431.html,1,February 18, 2026,NDLS
https://finance.yahoo.com/news/n2off-announces-reverse-stock-split-130000911.html,0,,NONE
https://finance.yahoo.com/news/future-fintech-group-inc-announces-140000802.html,1,January 20, 2026,FTFT
https://finance.yahoo.com/news/bollinger-innovations-inc-announces-reverse-125500628.html,1,Sept. 22, 2025,BOLI
https://finance.yahoo.com/news/ecd-automotive-design-announces-1-220100003.html,0,,ECD
https://finance.yahoo.com/news/momentus-inc-announces-reverse-stock-130000830.html,0,,NONE
https://finance.yahoo.com/news/mingteng-international-announces-1-200-123000439.html,0,,NONE
https://www.prnewswire.com/news-releases/dariohealth-announces-20-to-1-reverse-stock-split-302537519.html,1,August 28, 2025,DRIO
https://finance.yahoo.com/news/ipower-announces-1-30-reverse-181500930.html,0,,NONE
https://www.globenewswire.com/news-release/2026/03/27/3264125/0/en/GraniteShares-Announces-Reverse-Split-of-MRAL-MSTP-and-SMCL.html,1,April 30, 2026,MRAL
https://www.prnewswire.com/news-releases/nextplat-announces-reverse-stock-split-to-regain-compliance-with-nasdaqs-bid-price-requirement-302727666.html,1,April 6, 2026,NXPL
https://www.globenewswire.com/news-release/2026/03/27/3264114/0/en/Diginex-Limited-Announces-Extraordinary-General-Meeting-to-Approve-Share-Capital-Increase-and-Share-Consolidation.html,0,,DGNX
https://www.globenewswire.com/news-release/2026/03/27/3264093/0/en/Auddia-Announces-Reverse-Stock-Split.html,1,April 1, 2026,AUUD
https://www.accessnewswire.com/newsroom/en/computers-technology-and-internet/paranovus-entertainment-technology-limited-announces-1-for-12-rev-1152403,1,March 31, 2026,PAVS
https://www.accessnewswire.com/newsroom/en/metals-and-mining/athena-gold-announces-share-consolidation-1152571,1,April 2, 2026,ATHA
https://www.globenewswire.com/news-release/2026/03/26/3263100/0/en/Vivakor-Executes-Reverse-Stock-Split-to-Advance-Nasdaq-Continued-Listing.html,1,March 24, 2026,VIVK
https://www.globenewswire.com/news-release/2026/03/25/3262657/0/en/XORTX-Announces-Share-Consolidation.html,1,March 27, 2025,XRTX
https://www.globenewswire.com/news-release/2026/03/25/3262612/0/en/FibroBiologics-Announces-Reverse-Stock-Split-to-Regain-Compliance-with-Nasdaq-s-Bid-Price-Requirement.html,1,March 30, 2026,FBLG
https://www.globenewswire.com/news-release/2026/03/25/3262177/0/en/INVO-Fertility-Announces-a-1-5-Reverse-Stock-Split-Effective-Pre-Market-Opening-on-March-27-2026.html,1,March 27, 2026,IVF
https://www.sec.gov/Archives/edgar/data/1985337/000118518526001026/yygh6k031826.htm,1,March 23, 2026,YYGH
https://www.globenewswire.com/news-release/2026/03/25/3262151/0/en/CDT-Equity-Inc-Announces-Reverse-Stock-Split.html,1,March 26, 2026,CDT
https://www.globenewswire.com/news-release/2026/03/24/3261811/0/en/XORTX-Reports-that-Shareholders-Approved-the-Share-Consolidation-at-the-Annual-General-Meeting.html,0,,XRTX
https://www.quiverquant.com/news/Auddia+Inc.+Announces+1-for-7.7+Reverse+Stock+Split+to+Meet+Nasdaq+Listing+Standards,1,April 1, 2026,AUUD
https://www.stocktitan.net/news/VIVK/vivakor-executes-reverse-stock-split-to-advance-nasdaq-continued-efcbhdcescwh.html,1,March 24, 2026,VIVK
https://www.stocktitan.net/news/AUUD/auddia-announces-reverse-stock-0ky6duhwlg8g.html,1,April 1, 2026,AUUD
https://uk.finance.yahoo.com/news/cdt-equity-inc-announces-reverse-120000953.html,1,March 26, 2026,CDT
https://www.stocktitan.net/news/FBLG/fibro-biologics-announces-reverse-stock-split-to-regain-compliance-c62dzuu777d1.html,1,March 30, 2026,FBLG
https://www.stocktitan.net/news/XRTX/xortx-announces-share-qcvtk8392p8v.html,1,March 27, 2026,XRTX
https://www.stocktitan.net/news/ENZN/enzon-announces-reverse-stock-6xb80tyrg6xt.html,1,March 24, 2026,ENZN
https://www.quiverquant.com/news/INVO+Fertility%2C+Inc.+Announces+1-for-5+Reverse+Stock+Split+Effective+March+27%2C+2026,1,March 27, 2026,IVF
https://www.accessnewswire.com/newsroom/en/metals-and-mining/troubadour-announces-share-consolidation-1152772,0,,TR
https://www.stocktitan.net/sec-filings/MSS/8-k-maison-solutions-inc-reports-material-event-ccbdd946f64e.html,1,2026-03-23,MSS
https://www.stocktitan.net/news/EJH/e-home-household-service-holdings-limited-announces-share-gz8rfb88jd84.html,1,March 30, 2026,EJH
https://www.stocktitan.net/sec-filings/VIVK/8-k-vivakor-inc-reports-material-event-0fdf89b300af.html,1,March 24, 2026,VIVK
https://www.stocktitan.net/news/ONCO/onconetix-inc-announces-1-for-5-reverse-stock-5nhyuvqc7po3.html,1,March 25, 2026,ONCO
https://www.stocktitan.net/news/CUBT/curative-biotechnology-announces-reverse-stock-split-and-strategic-00oo2mq8v7dx.html,1,March 23, 2026,CUBT
https://www.stocktitan.net/news/XRTX/xortx-reports-that-shareholders-approved-the-share-consolidation-at-n4j7mtn1rj1w.html,0,,XRTX
https://www.stocktitan.net/sec-filings/FEMY/pre-14a-femasys-inc-preliminary-proxy-statement-67778c6a2d8b.html,0,,FEMY
https://www.globenewswire.com/news-release/2026/03/23/3260370/0/en/Onconetix-Inc-Announces-1-for-5-Reverse-Stock-Split.html,1,March 25, 2026,ONCO
https://www.stocktitan.net/news/LBGJ/li-bang-international-announces-1-for-100-reverse-share-zlxb99pcq7sm.html,1,March 27, 2026,LBGJ
https://www.stocktitan.net/sec-filings/ENZN/8-k-enzon-pharmaceuticals-inc-reports-material-event-fdadff964a14.html,1,2026-03-24,ENZN
https://www.manilatimes.net/2026/03/28/tmt-newswire/globenewswire/auddia-announces-reverse-stock-split/2309639,1,April 1, 2026,AUUD
https://www.stocktitan.net/news/DGNX/diginex-limited-announces-extraordinary-general-meeting-to-approve-9gwgpjim1679.html,0,,DGNX
https://www.globenewswire.com/news-release/2026/03/25/3262657/0/en/xortx-announces-share-consolidation.html,1,March 27, 2025,XRTX
https://www.stocktitan.net/news/CUBT/curative-biotechnology-announces-reverse-stock-split-and-strategic-i5vw5u48e8oq.html,1,March 23, 2026,CUBT
https://www.marketscreener.com/news/vivakor-executes-reverse-stock-split-to-advance-nasdaq-continued-listing-ce7e51dadc8ff12c,1,March 24, 2026,VIVK
https://www.manilatimes.net/2026/03/28/tmt-newswire/globenewswire/graniteshares-announces-reverse-split-of-mral-mstp-and-smcl/2309673,1,April 30, 2026,MRAL
https://www.manilatimes.net/2026/03/26/tmt-newswire/globenewswire/fibrobiologics-announces-reverse-stock-split-to-regain-compliance-with-nasdaqs-bid-price-requirement/2307953,1,March 30, 2026,FBLG
https://www.quiverquant.com/news/Onconetix%2C+Inc.+Approves+1-for-5+Reverse+Stock+Split+Effective+March+25%2C+2026,1,March 25, 2026,ONCO
https://www.stocktitan.net/news/YYGH/yy-group-announces-effective-date-of-reverse-stock-yrj6gjzj48xr.html,1,March 23, 2026,YYGH
https://www.manilatimes.net/2026/03/24/tmt-newswire/globenewswire/enzon-announces-reverse-stock-split/2306491,1,March 24, 2026,ENZN
https://www.stocktitan.net/news/AREB/american-rebel-holdings-inc-nasdaq-areb-arebw-provides-stockholder-2yyvjwz8gs2t.html,1,March 23, 2026,AREB
https://www.globenewswire.com/news-release/2026/03/24/3261233/0/en/RenX-Announces-Reverse-Stock-Split-to-Regain-Compliance-with-Nasdaq-s-Minimum-Bid-Price.html,1,March 26, 2026,RENX
https://ts2.tech/en/fubotv-reverse-stock-split-sends-fubo-lower-puts-future-share-issuance-in-focus/,1,March 23, 2026,FUBO
https://www.sec.gov/Archives/edgar/data/1939780/000121390026033929/ea0283407-6ka1_upower.htm,1,April 1, 2026,UCAR
https://www.prnewswire.com/news-releases/abrdn-global-premier-properties-fund-awp-announces-approval-of-1-for-3-reverse-stock-split-and-adjustment-to-monthly-distribution-302667183.html,0,,AWP
Yahoo,1,Mar 31, 2026,AGL
Yahoo,1,Mar 31, 2026,AKTX
Yahoo,1,Mar 31, 2026,MODD
Yahoo,1,Apr 01, 2026,BARK
https://www.sec.gov/Archives/edgar/data/1554818/000168316826002423/auddia_def14a.htm,0,,AUDD
https://www.globenewswire.com/news-release/2026/03/30/3264733/0/en/Intercont-Cayman-Limited-Announces-Effective-Time-of-Share-Consolidation-Reverse-Share-Split-to-Regain-NASDAQ-Compliance.html,1,April 2, 2026,NCT
https://www.accessnewswire.com/newsroom/en/business-and-professional-services/alset-ai-announces-trading-on-the-otcqb-venture-market-in-the-un-1152893,0,,GPUSF
https://www.insideradio.com/free/ai-audio-firm-auddia-plans-reverse-stock-split-ahead-of-nasdaq-deadline/article_e670253d-544a-4a63-b905-4823ded41122.html,1,April 1, 2026,AUDD
https://www.stocktitan.net/sec-filings/OP/6-k-ocean-pal-inc-current-report-foreign-issuer-b329747e4b63.html,1,March 27, 2026,OP
https://www.stocktitan.net/sec-filings/EQ/pre-14a-equillium-inc-preliminary-proxy-statement-c6a481f237e2.html,0,,EQ
https://www.stocktitan.net/sec-filings/SKYQ/8-k-sky-quarry-inc-reports-material-event-56ebda4d61ba.html,1,March 15, 2026,SKYQ
https://www.stocktitan.net/sec-filings/AUUD/def-14a-auddia-inc-definitive-proxy-statement-f96198361c3e.html,0,,AUUD
https://www.stocktitan.net/sec-filings/ALBT/8-k-avalon-globo-care-corp-reports-material-event-3c97f3a6d273.html,0,,ALBT
https://www.stocktitan.net/news/NCT/intercont-cayman-limited-announces-effective-time-of-share-2a5h38oe0b6x.html,1,April 2, 2026,NCT
https://www.stocktitan.net/sec-filings/CDLX/pre-14a-cardlytics-inc-preliminary-proxy-statement-83fda115b162.html,0,,CDLX
https://www.stocktitan.net/sec-filings/TNXP/def-14a-tonix-pharmaceuticals-holding-corp-definitive-proxy-statement-4cb074f31d2b.html,0,,TNXP
https://ca.finance.yahoo.com/news/xortx-announces-change-effective-date-203200551.html,1,April 6, 2026,XRTX
https://www.manilatimes.net/2026/03/30/tmt-newswire/globenewswire/intercont-cayman-limited-announces-effective-time-of-share-consolidationreverse-share-split-to-regain-nasdaq-compliance/2310675,1,April 2, 2026,NCT
https://www.stocktitan.net/sec-filings/NXPL/8-k-next-plat-corp-reports-material-event-e32db5e5e8c6.html,1,April 6, 2026,NXPL
https://www.marketscreener.com/news/auddia-announces-reverse-stock-split-ce7e51d8d881f22c,1,April 1, 2026,AUUD
https://www.minichart.com.sg/2026/03/30/renx-enterprises-announces-1-for-20-reverse-stock-split-to-regain-nasdaq-compliance-and-attract-investors/,1,March 26, 2026,RENX
https://stocktwits.com/news-articles/markets/equity/fubo-stock-set-for-reverse-split-retail-traders-are-not-convinced-raise-questions-on-valuation-after-strong-run/cZ3nhonRIKq,1,March 20, 2026,FUBO
http://www.aastocks.com/en/stocks/news/aafn-con/NOW.1514341/latest-news/AAFN,0,,00721.HK
https://nationaltoday.com/us/tn/bristol/news/2026/03/27/renx-enterprises-executes-1-for-20-reverse-split-creating-tight-float/,1,March 26, 2026,RENX
https://www.stocktitan.net/sec-filings/ORGN/10-k-origin-materials-inc-files-annual-report-6e1262c229b8.html,1,March 2026,ORGN
https://www.globenewswire.com/news-release/2026/03/27/3263699/0/en/RenX-Enterprises-Executes-1-for-20-Reverse-Split-Creating-One-of-Nasdaq-s-Tightest-Floats-Amid-Accelerating-Revenue-Growth.html,1,March 26, 2026,RENX
https://www.stocktitan.net/news/JDZG/jiade-limited-announces-1-for-25-reverse-stock-split-effective-march-90pw1fwvia4o.html,1,March 23, 2026,JDZG
https://www.globenewswire.com/news-release/2026/03/31/3266216/0/en/Algernon-Health-Announces-Proposed-Name-Change-to-Grey-Matters-Health-Inc-and-a-10-1-Share-Consolidation.html,0,,AGN
https://www.globenewswire.com/news-release/2026/03/31/3266150/0/en/INLIF-LIMITED-Announces-1-for-16-Share-Combination-as-Part-of-Strategic-Nasdaq-Compliance-Initiative.html,1,April 6, 2026,INLF
https://www.stocktitan.net/news/BCAB/bio-atla-announces-share-nasq2q830jov.html,1,April 6, 2026,BCAB
https://www.theglobeandmail.com/investing/markets/markets-news/Tipranks/1065193/renx-enterprises-enacts-reverse-stock-split-to-regain-compliance/,1,March 26, 2026,RENX
https://www.stocktitan.net/sec-filings/CMCT/8-k-creative-media-community-trust-corp-reports-material-event-b0094eb3270a.html,1,March 25, 2026,CMCT
https://www.stocktitan.net/sec-filings/PED/10-k-pedevco-corp-files-annual-report-635bc2c279d1.html,1,March 13, 2026,PED
https://www.stocktitan.net/sec-filings/UOKA/6-k-mdjm-ltd-current-report-foreign-issuer-ed804bd5bd36.html,0,,UOKA
https://www.stocktitan.net/sec-filings/TRUG/nt-10-k-tru-golf-holdings-inc-sec-filing-173124585192.html,0,,TRUG
https://www.stocktitan.net/news/AGNPF/algernon-health-announces-proposed-name-change-to-grey-matters-e4ywoknk6gro.html,0,,AGNPF
https://www.stocktitan.net/sec-filings/EXFY/pre-14a-expensify-inc-preliminary-proxy-statement-1b1064d3ce5e.html,0,,EXFY
https://www.stocktitan.net/sec-filings/PPCB/def-14c-propanc-biopharma-inc-definitive-information-statement-e54db5281db4.html,0,,PPCB
https://www.marketscreener.com/news/bioatla-announces-share-consolidation-ce7e51ded08ff526,1,April 6, 2026,BCAB
https://www.stocktitan.net/sec-filings/GMGI/10-k-golden-matrix-group-inc-files-annual-report-75008f4ebb5a.html,1,March 3, 2026,MRDN
https://www.thomsonreuters.com/en/press-releases/2026/march/thomson-reuters-files-documents-for-proposed-return-of-capital-and-share-consolidation-transactions,0,,TRI
https://www.manilatimes.net/2026/04/01/tmt-newswire/globenewswire/algernon-health-announces-proposed-name-change-to-grey-matters-health-inc-and-a-101-share-consolidation/2312124,0,,AGN
https://www.globenewswire.com/news-release/2026/03/24/3261251/0/en/Enzon-Announces-Reverse-Stock-Split.html,1,March 24, 2026,ENZN
https://www.sec.gov/Archives/edgar/data/1972074/000121390026038069/ea0283972-6k_linkers.htm,1,April 6, 2026,LNKS
https://www.sec.gov/Archives/edgar/data/1742341/000121390026038051/ea0284045-6k_hitek.htm,1,April 6, 2026,HKIT
https://www.sec.gov/Archives/edgar/data/1892322/000149315226014518/form8-k.htm,1,2026-04-02,HTCR
https://www.globenewswire.com/news-release/2026/04/01/3266901/0/en/XORTX-Confirms-Effective-Date-of-Share-Consolidation.html,1,April 6, 2026,XRTX
https://www.globenewswire.com/news-release/2026/04/01/3266690/0/en/Linkers-Industries-Announces-1-for-250-Reverse-Share-Split-Effective-April-6-2026.html,1,April 6, 2026,LNKS
https://www.prnewswire.com/news-releases/meiwu-technology-company-limited-announces-1-for-100-reverse-share-split-302731354.html,1,April 6, 2026,WNW
https://www.globenewswire.com/news-release/2026/04/01/3266584/0/en/HeartCore-Announces-1-for-20-Reverse-Stock-Split.html,1,April 2, 2026,HTCR
https://www.prnewswire.com/news-releases/a-letter-to-investors-from-the-ceo-of-roboai-optimizing-capital-structure-and-advancing-core-businesses-with-operational-resilience-302731179.html,1,April 1, 2026,ROBO
https://www.stocktitan.net/news/AIIO/robo-ai-inc-announces-reverse-stock-yh6hvymp8zoo.html,1,April 6, 2026,AIIO
https://www.tradingview.com/news/tradingview:846a46c7d4145:0-heartcore-announces-1-for-20-reverse-stock-split-to-regain-nasdaq-compliance/,1,April 2, 2026,HTCR
https://www.stocktitan.net/news/WNW/meiwu-technology-company-limited-announces-1-for-100-reverse-share-2kbh095inm3i.html,1,April 6, 2026,WNW
https://www.tradingview.com/news/tradingview:7a3acfda0c365:0-greenlane-announces-1-for-8-reverse-stock-split-to-improve-perception-and-nasdaq-compliance/,1,April 6, 2026,GNLN
https://www.tradingview.com/news/tradingview:1797c4a65f0cc:0-avalon-authorized-board-discretion-for-potential-future-reverse-stock-split-no-split-planned/,0,,ALBT
https://www.stocktitan.net/news/SKK/skk-holdings-to-effect-a-share-consolidation-on-april-6-4c9nzt5qpzmv.html,1,April 6, 2026,SKK
https://www.stocktitan.net/sec-filings/MGRX/10-k-mangoceuticals-inc-files-annual-report-dbfa092de4b7.html,1,October 16, 2024,MGRX
https://www.stocktitan.net/sec-filings/VNRX/8-k-volitionrx-ltd-reports-material-event-36510611bb5c.html,0,,VNRX
https://www.stocktitan.net/news/HKIT/hitek-announces-50-for-1-share-crwp77konddj.html,1,April 6, 2026,HKIT
https://www.stocktitan.net/sec-filings/HTCR/8-k-heart-core-enterprises-inc-reports-material-event-43b961404512.html,1,April 2, 2026,HTCR
https://www.stocktitan.net/news/AIIO/a-letter-to-investors-from-the-ceo-of-robo-ai-optimizing-capital-zhcf51y8qxrw.html,1,April 1, 2026,AIIO
https://www.stocktitan.net/sec-filings/TEAD/def-14a-teads-holding-co-definitive-proxy-statement-d2ee252b1d33.html,0,,TEAD
https://www.stocktitan.net/sec-filings/WYHG/6-k-wing-yip-food-holdings-group-ltd-current-report-foreign-issuer-f951aa4e06c4.html,1,2026-05-08,WYHG
https://www.stocktitan.net/sec-filings/ALBT/8-k-avalon-globo-care-corp-reports-material-event-5db67f2dbe60.html,0,,ALBT
https://www.stocktitan.net/sec-filings/XRTX/6-k-xortx-therapeutics-inc-current-report-foreign-issuer-6c64d9c9ea93.html,1,April 6, 2026,XRTX
https://www.tradingview.com/news/reuters.com,2026:newsml_FWN40K0WJ:0-skk-to-effect-10-for-1-share-consolidation-effective-april-6/,1,April 6, 2026,SKK
https://investingnews.com/bioatla-announces-share-consolidation/,1,April 6, 2026,BCAB
https://www.manilatimes.net/2026/04/01/tmt-newswire/globenewswire/heartcore-announces-1-for-20-reverse-stock-split/2312512,1,April 2, 2026,HTCR
https://www.stocktitan.net/sec-filings/DROR/s-1-a-dror-ortho-design-inc-amends-ipo-registration-statement-bcf6fdd98fbd.html,0,,DROR
https://www.stocktitan.net/news/LNKS/linkers-industries-announces-1-for-250-reverse-share-split-effective-9mtaf0prbzr7.html,1,April 6, 2026,LNKS
https://www.stocktitan.net/sec-filings/HKIT/6-k-hi-tek-global-inc-current-report-foreign-issuer-b705a7e84002.html,1,April 6, 2026,HKIT
https://www.stocktitan.net/sec-filings/XYLB/1-u-xy-labs-inc-sec-filing-5a2bd1f8b4b8.html,1,March 31, 2026,XYLB
https://nationaltoday.com/us/tx/houston/news/2026/03/31/plus-therapeutics-announces-reverse-stock-split/,1,April 2, 2026,PSTV
https://www.marketscreener.com/news/vivesto-proposes-reverse-stock-split-and-share-capital-reduction-ce7e51dfdb8ef324,0,,VIVE
https://www.manilatimes.net/2026/04/02/tmt-newswire/globenewswire/xortx-confirms-effective-date-of-share-consolidation/2312879,1,April 6, 2026,XRTX
https://www.manilatimes.net/2026/04/01/tmt-newswire/pr-newswire/hitek-announces-50-for-1-share-consolidation/2312591,1,April 6, 2026,HKIT
https://www.minichart.com.sg/2026/04/01/greenlane-holdings-announces-1-for-8-reverse-stock-split-effective-april-6-2026-to-maintain-nasdaq-compliance/,1,April 6, 2026,GNLN
Yahoo,1,Apr 06, 2026,BDRX
https://www.tradingview.com/news/reuters.com,2026:newsml_FWN40K0JA:0-hitek-announces-50-for-1-share-consolidation/,0,,HKIT
https://www.stocktitan.net/news/SLCNF/silicon-metals-corp-announces-share-consolidation-and-record-ubbzksvmx50d.html,1,April 7, 2026,SI
https://www.nasdaq.com/press-release/nextplat-announces-reverse-stock-split-regain-compliance-nasdaqs-bid-price,1,April 6, 2026,NXPL
https://seekingalpha.com/article/4887885-booking-holdings-the-reverse-split-creates-opportunity,0,,BKNG
https://www.stocktitan.net/news/CHR/cheer-holding-announces-share-consolidation-of-class-a-ordinary-y4nf9dmavrps.html,1,April 6, 2026,CHR
https://www.manilatimes.net/2026/04/02/tmt-newswire/globenewswire/cheer-holding-announces-share-consolidation-of-class-a-ordinary-shares/2313380,1,April 6, 2026,CHR
https://www.stocktitan.net/sec-filings/AUUD/8-k-auddia-inc-reports-material-event-e24143d5cf04.html,1,March 31, 2026,AUUD
https://www.stocktitan.net/sec-filings/CHR/6-k-cheer-holding-inc-current-report-foreign-issuer-2efe8813776f.html,1,April 6, 2026,CHR
https://www.stocktitan.net/news/OLOX/olenox-announces-results-of-annual-stockholder-imvdqvlqbj4c.html,0,,OLOX
https://www.stocktitan.net/sec-filings/OLOX/8-k-olenox-industries-inc-reports-material-event-e4809ba2e49c.html,0,,OLOX
https://www.globenewswire.com/news-release/2026/04/02/3267289/0/en/Cheer-Holding-Announces-Share-Consolidation-of-Class-A-Ordinary-Shares.html,1,April 6, 2026,CHR
https://www.tradingview.com/news/tradingview:12ca8759bd369:0-decoy-therapeutics-regains-nasdaq-minimum-bid-compliance-after-reverse-split/,1,March 6, 2026,DCOY
https://coincentral.com/mobix-labs-mobx-stock-announces-1-for-10-reverse-split-to-regain-nasdaq-compliance/,1,April 6, 2026,MOBX
https://uk.finance.yahoo.com/news/heartcore-announces-1-20-reverse-120500535.html,1,April 2, 2026,HTCR
https://blockonomi.com/mobix-labs-mobx-stock-1-for-10-reverse-stock-split-approved-to-meet-nasdaq-requirements/,1,April 6, 2026,MOBX
https://stocktwits.com/news-articles/markets/equity/why-did-mobx-stock-crash-25-in-pre-market-today/cZ7xpDoRI85,1,April 6, 2026,MOBX
https://sg.finance.yahoo.com/news/heartcore-announces-1-20-reverse-120500535.html,1,April 2, 2026,HTCR
https://www.stocktitan.net/sec-filings/PMCB/8-k-pharma-cyte-biotech-inc-reports-material-event-bcd3f65085a6.html,0,,PMCB
https://www.stocktitan.net/sec-filings/BNZI/pre-14a-banzai-international-inc-preliminary-proxy-statement-bdfbb9a8e5c9.html,0,,BNZI
https://www.ocbj.com/technology/mobix-labs-announces-reverse-stock-split/,1,April 6, 2026,MOBX
https://www.theglobeandmail.com/investing/markets/markets-news/Tipranks/1127371/silicon-metals-to-launch-1for5-share-consolidation-ahead-of-april-7-trading/,1,April 7, 2026,SI
https://nationaltoday.com/us/fl/hallandale-beach/news/2026/04/03/nextplat-announces-1-for-10-reverse-stock-split/,1,April 3, 2026,NPLT
https://www.stocktitan.net/sec-filings/WGRX/def-14c-wellgistics-health-inc-definitive-information-statement-f41465aae1d3.html,0,,WGRX
https://www.stocktitan.net/news/HTCR/heart-core-announces-1-for-20-reverse-stock-mwq5yzvm5bfq.html,1,April 2, 2026,HTCR
https://www.stocktitan.net/news/CJJD/ridgetech-inc-announces-1-for-150-reverse-share-di79nmkene7q.html,1,April 7, 2026,RDGT
https://www.prnewswire.com/news-releases/ridgetech-inc-announces-1-for-150-reverse-share-split-302733570.html,1,April 7, 2026,RDGT
https://www.stocktitan.net/sec-filings/FBLG/8-k-fibro-biologics-inc-reports-material-event-9067f2f7fddd.html,1,March 30, 2026,FBLG
https://www.stocktitan.net/sec-filings/DAIC/pre-14a-cid-holdco-inc-preliminary-proxy-statement-07aa4fa92b17.html,0,,DAIC
https://www.stocktitan.net/sec-filings/NMTC/8-k-neuroone-medical-technologies-corp-reports-material-event-cfcc252b7789.html,0,,NMTC
https://www.stocktitan.net/sec-filings/ENVB/pre-14a-enveric-biosciences-inc-preliminary-proxy-statement-335fc8d1bcd0.html,0,,ENVB
https://www.ad-hoc-news.de/boerse/news/ueberblick/agilon-health-inc-stock-reverse-split-sparks-analyst-optimism/69066677,1,March 31, 2026,AGL
https://www.ad-hoc-news.de/boerse/ueberblick/agilon-health-inc-stock-reverse-split-sparks-analyst-optimism/69066677,1,March 31, 2026,AGL
https://simplywall.st/stocks/us/consumer-durables/nyse-cook/traeger/news/does-traegers-reverse-stock-split-to-regain-nyse-compliance,1,March 18, 2026,COOK
https://www.minichart.com.sg/2026/04/04/fibrobiologics-inc-announces-reverse-stock-split-and-certificate-amendment-sec-form-8-k-filing-summary/,0,,FBLG
https://www.ad-hoc-news.de/boerse/news/ueberblick/a-reverse-split-strategy-to-salvage-diginex-s-nasdaq-listing/69075247,0,,
https://www.stocktitan.net/news/ELVG/elvictor-group-announces-approval-of-reverse-stock-e95wfilazz82.html,0,,ELVG
https://www.ad-hoc-news.de/boerse/ueberblick/a-reverse-split-strategy-to-salvage-diginex-s-nasdaq-listing/69075247,0,,DGIN
https://www.wboc.com/online_features/press_releases/elvictor-group-announces-approval-of-reverse-stock-split/article_18f3fddc-1a6b-55fc-9121-b156b63f1973.html,0,,ELVG
https://www.h2-view.com/story/plug-power-avoids-reverse-split-as-shareholders-back-stock-expansion/2137574.article/,0,,
https://www.newsfilecorp.com/release/288558/AITX-Cancels-Previously-Proposed-Authorized-Share-Increase-Following-Reverse-Stock-Split,1,2026-03-12,AITX
https://simplywall.st/stocks/us/media/nyse-fubo/fubotv/news/fubotv-reverse-stock-split-reshapes-share-structure-and-divi,1,April 5, 2026,FUBO
https://www.stocktitan.net/news/EUDA/euda-announces-reverse-stock-split-of-its-ordinary-rfy6ckxafoxs.html,1,March 23, 2026,EUDA
https://www.sec.gov/Archives/edgar/data/1648087/000149315226015133/forms-1.htm,1,March 23, 2026,AREB
https://hartfordbusiness.com/article/ct-biotech-firm-plans-reverse-stock-split-to-regain-nasdaq-compliance/,1,February 18, 2026,INTS
https://www.sec.gov/Archives/edgar/data/1785566/000121390026039923/ea0283815-20f_zhongchao.htm,0,,ZHOO
https://www.theglobeandmail.com/investing/markets/stocks/ONCO-Q/pressreleases/36554724/onconetix-inc-announces-1-for-5-reverse-stock-split/,1,March 25, 2026,ONCO
https://www.newswire.com/news/revelation-biosciences-inc-announces-1-for-4-reverse-stock-split-effective,1,January 28, 2026,REVB
https://www.prnewswire.com/news-releases/vision-marine-technologies-announces-reverse-stock-split-302658204.html,1,January 14, 2026,VMAR
https://www.newswire.com/news/elvictor-group-announces-approval-of-reverse-stock-split,0,,ELVG
https://www.marketbeat.com/instant-alerts/tuniu-nasdaqtour-shares-to-reverse-split-on-wednesday-april-22nd-2026-04-06/,1,April 22, 2026,TOUR
https://www.ad-hoc-news.de/boerse/news/ueberblick/xortx-therapeutics-announces-reverse-stock-split/69085846,1,April 7, 2026,XORTX
https://www.globenewswire.com/news-release/2026/03/31/3266037/0/en/BioAtla-Announces-Share-Consolidation.html,1,April 6, 2026,BCAB
https://tradebrains.in/sanmit-infra-stock-rallies-6-as-101-reverse-stock-split-date-finalized/,1,April 30, 2026,
https://www.theglobeandmail.com/investing/markets/stocks/CDT/pressreleases/979779/cdt-equity-announces-1-for-25-reverse-stock-split/,1,March 26, 2026,CDT
https://www.stocktitan.net/sec-filings/NITO/8-k-nexentis-technologies-inc-reports-material-event-490f1cef2714.html,1,April 7, 2026,NITO
https://www.sec.gov/Archives/edgar/data/1789192/000149315226015246/form8-k.htm,1,2026-04-07,NXTS
https://www.sec.gov/Archives/edgar/data/2001288/000192998026000144/skycorp_6k.htm,1,April 13, 2026,PN
https://www.globenewswire.com/news-release/2026/04/08/3270516/0/en/Huachen-AI-Parking-Management-Technology-Holding-Co-Ltd-Announces-1-for-30-Reverse-Stock-Split-Effective-April-13-2026.html,1,April 13, 2026,HCAI
https://www.sec.gov/Archives/edgar/data/1958399/000121390026041513/ea0284996-6k_huachen.htm,1,April 13, 2026,HCAI
https://www.sec.gov/Archives/edgar/data/1058307/000143774926011334/nxpl20260402_8k.htm,1,2026-04-13,NXPL
https://www.prnewswire.com/news-releases/oceanpal-inc-discloses-share-repurchases-under-existing-board-authorized-program-establishes-0-8x-mnav-as-a-target-repurchase-threshold-302738706.html,0,,SVRN
https://www.sec.gov/Archives/edgar/data/1662774/000119312526151364/qncx-20251231.htm,0,,
https://www.sec.gov/Archives/edgar/data/2012096/000121390026043772/ea0286331-6k_powell.htm,1,April 17, 2026,PMAX
https://www.sec.gov/Archives/edgar/data/1582982/000149315226016465/form424b5.htm,0,,CCLD
https://www.globenewswire.com/news-release/2026/04/15/3274860/0/en/Algernon-Health-Announces-Effective-Date-of-Previously-Announced-Name-Change-to-Grey-Matters-Health-Inc-and-its-10-1-Share-Consolidation.html,1,April 21, 2026,AGN
https://www.globenewswire.com/news-release/2026/04/15/3274329/0/en/POWELL-MAX-LIMITED-ANNOUNCES-1-FOR-10-SHARE-CONSOLIDATION-EFFECTIVE-APRIL-17-2026.html,1,April 17, 2026,PMAX
https://www.sec.gov/Archives/edgar/data/1825875/000118518526001389/erayak6k040926.htm,1,April 20, 2026,RAYA
https://www.sec.gov/Archives/edgar/data/2041338/000149315226016300/form6-k.htm,1,April 20, 2026,DLND
https://www.globenewswire.com/news-release/2026/04/16/3275403/0/en/HUB-Announces-Reverse-Share-Split.html,1,April 20, 2026,HUBC
https://www.globenewswire.com/news-release/2026/04/16/3275342/0/en/La-Rosa-Holdings-Announces-1-for-10-Reverse-Stock-Split.html,1,April 20, 2026,LRHC
https://www.sec.gov/Archives/edgar/data/1845337/000119312526161471/dawn-20251231.htm,0,,DAWN
https://www.sec.gov/Archives/edgar/data/1849820/000184982026000060/kitt-20260417.htm,0,,
https://www.globenewswire.com/news-release/2026/04/17/3276512/0/en/Sow-Good-Inc-Announces-Reverse-Stock-Split.html,1,April 23, 2026,SOWG
https://www.prnewswire.com/news-releases/nauticus-robotics-announces-1-for-8-reverse-stock-split-302745143.html,0,,KITT
https://www.globenewswire.com/news-release/2026/04/17/3276108/0/en/zSpace-Announces-1-for-25-Reverse-Stock-Split.html,1,April 21, 2026,ZSPC
https://www.globenewswire.com/news-release/2026/04/20/3276856/10618/en/Kustom-Entertainment-Inc-Announces-Reverse-Stock-Split.html,1,April 22, 2026,KUST
https://www.sec.gov/Archives/edgar/data/1788230/000178823026000053/ipst-20260421.htm,1,2026-04-23,IPST
https://www.sec.gov/Archives/edgar/data/1892292/000121390026046471/ea0287308-8k_maison.htm,1,2026-04-24,MSS
https://www.accessnewswire.com/newsroom/en/food-and-beverage-products/maison-solutions-announces-reverse-stock-split-1159891,1,April 24, 2026,MSS
https://www.globenewswire.com/news-release/2026/04/22/3279215/0/en/OIO-Group-Announces-Reverse-Stock-Split-Ahead-of-Nasdaq-Listing-and-De-Tomaso-Business-Combination.html,1,April 24, 2026,OIO
https://www.sec.gov/Archives/edgar/data/1776067/000121390026045909/ea0287132-6k_oriental.htm,1,April 27, 2026,OCG
https://www.sec.gov/Archives/edgar/data/2010499/000149315226018850/form6-k.htm,1,April 28, 2026,DGNX
https://www.sec.gov/Archives/edgar/data/1786205/000119312526177460/d332400d10ka.htm,0,,ACLX
https://www.sec.gov/Archives/edgar/data/1951667/000110465926048601/tm2612177d1_8k.htm,1,2026-04-20,CTNT
https://www.sec.gov/Archives/edgar/data/1821424/000121390026048239/ea0286619-6k_ucommune.htm,1,April 29, 2026,UK
https://www.globenewswire.com/news-release/2026/04/28/3282803/0/en/reAlpha-NASDAQ-AIRE-Announces-1-for-25-Reverse-Stock-Split-to-be-Effective-on-April-30-2026.html,1,April 30, 2026,AIRE
https://www.globenewswire.com/news-release/2026/04/28/3282526/0/en/Following-Stockholder-Approval-BIO-key-Announces-1-for-10-Reverse-Stock-Split.html,1,April 30, 2026,BKYI
https://www.sec.gov/Archives/edgar/data/1859199/000121390026048607/ea0288073-8k_realpha.htm,1,2026-04-30,AIRE
https://www.accessnewswire.com/newsroom/en/business-and-professional-services/alset-ai-announces-effective-date-of-10-for-1-share-consolidatio-1162022,1,May 1, 2026,GPUS
https://www.globenewswire.com/news-release/2026/04/28/3283272/0/en/GMEX-Robotics-Corporation-Announces-Share-Consolidation.html,1,May 1, 2026,GMEX
https://www.sec.gov/Archives/edgar/data/1982012/000149315226019456/form6-k.htm,1,May 1, 2026,TLIH
https://www.globenewswire.com/news-release/2026/04/29/3284354/0/en/Inno-Holdings-Inc-Announces-1-for-20-Reverse-Stock-Split-in-Ongoing-Nasdaq-Compliance-Efforts.html,1,May 4, 2026,INHD
https://www.globenewswire.com/news-release/2026/04/29/3283439/0/en/WORLDLINE-Reverse-stock-split-Press-release.html,1,15 June 2026,WLN
https://www.sec.gov/Archives/edgar/data/1855509/000173112226000632/e7587_8-k.htm,1,2026-05-04,VEEE
https://www.sec.gov/Archives/edgar/data/1982012/000149315226020406/form20-f.htm,0,,
https://www.accessnewswire.com/newsroom/en/metals-and-mining/bemetals-announces-resumption-of-trading-on-tsx-venture-exchange-and-effective-da-1163083,1,May 8, 2026,BMET
